{"cameraMode":{"drawMode":0,"name":"Shaded","section":"Shading Mode"},"sceneLighting":false,"audioPlay":false,"sceneViewState":{"m_AlwaysRefresh":false,"showFog":true,"showSkybox":false,"showFlares":true,"showImageEffects":true,"showParticleSystems":true,"showVisualEffectGraphs":true,"m_FxEnabled":true},"in2DMode":false,"pivot":{"x":-3.6118617057800295,"y":-0.0028872862458229067,"z":-0.08980000019073487},"rotation":{"x":-0.14824295043945313,"y":-0.01572718471288681,"z":0.0023576761595904829,"w":-0.9888261556625366},"size":0.8660253882408142,"orthographic":false}