{"cameraMode":{"drawMode":0,"name":"Shaded","section":"Shading Mode"},"sceneLighting":true,"audioPlay":false,"sceneViewState":{"m_AlwaysRefresh":false,"showFog":true,"showSkybox":true,"showFlares":true,"showImageEffects":true,"showParticleSystems":true,"showVisualEffectGraphs":true,"m_FxEnabled":true},"in2DMode":false,"pivot":{"x":-2104.633056640625,"y":9.323999404907227,"z":-433.57562255859377},"rotation":{"x":-0.015473277308046818,"y":0.9117116928100586,"z":-0.03448911011219025,"w":-0.4091404378414154},"size":2.2326087951660158,"orthographic":false}