{"cameraMode":{"drawMode":0,"name":"Shaded","section":"Shading Mode"},"sceneLighting":true,"audioPlay":false,"sceneViewState":{"m_AlwaysRefresh":false,"showFog":true,"showSkybox":true,"showFlares":true,"showImageEffects":true,"showParticleSystems":true,"showVisualEffectGraphs":true,"m_FxEnabled":true},"in2DMode":false,"pivot":{"x":-2105.113525390625,"y":7.558223247528076,"z":-432.947021484375},"rotation":{"x":-0.007015374954789877,"y":0.9085155129432678,"z":-0.015274809673428536,"w":-0.41756877303123476},"size":0.4391528069972992,"orthographic":false}