{"cameraMode":{"drawMode":0,"name":"Shaded","section":"Shading Mode"},"sceneLighting":true,"audioPlay":false,"sceneViewState":{"m_AlwaysRefresh":false,"showFog":true,"showSkybox":false,"showFlares":true,"showImageEffects":true,"showParticleSystems":true,"showVisualEffectGraphs":true,"m_FxEnabled":true},"in2DMode":false,"pivot":{"x":5.970511436462402,"y":-0.019414782524108888,"z":-20.00641632080078},"rotation":{"x":-0.015780294314026834,"y":-0.9633690714836121,"z":0.05817112326622009,"w":-0.2613312900066376},"size":36.449554443359378,"orthographic":false}