{"cameraMode":{"drawMode":0,"name":"Shaded","section":"Shading Mode"},"sceneLighting":false,"audioPlay":false,"sceneViewState":{"m_AlwaysRefresh":false,"showFog":true,"showSkybox":false,"showFlares":true,"showImageEffects":true,"showParticleSystems":true,"showVisualEffectGraphs":true,"m_FxEnabled":true},"in2DMode":false,"pivot":{"x":-2.0840001106262209,"y":-0.006999999284744263,"z":-0.07999999821186066},"rotation":{"x":-0.0018099251901730896,"y":0.006596164777874947,"z":-0.000013043048966210335,"w":-0.9999790787696838},"size":1.9604672193527222,"orthographic":false}