{"cameraMode":{"drawMode":0,"name":"Shaded","section":"Shading Mode"},"sceneLighting":true,"audioPlay":false,"sceneViewState":{"m_AlwaysRefresh":false,"showFog":true,"showSkybox":true,"showFlares":true,"showImageEffects":true,"showParticleSystems":true,"showVisualEffectGraphs":true,"m_FxEnabled":true},"in2DMode":false,"pivot":{"x":0.24536149203777314,"y":-0.050734326243400577,"z":0.15621927380561829},"rotation":{"x":0.004199045244604349,"y":-0.8963810205459595,"z":0.008312149904668332,"w":0.44337621331214907},"size":0.5016834139823914,"orthographic":false}