{"cameraMode":{"drawMode":0,"name":"Shaded","section":"Shading Mode"},"sceneLighting":false,"audioPlay":false,"sceneViewState":{"m_AlwaysRefresh":false,"showFog":true,"showSkybox":false,"showFlares":true,"showImageEffects":true,"showParticleSystems":true,"showVisualEffectGraphs":true,"m_FxEnabled":true},"in2DMode":false,"pivot":{"x":1.885391354560852,"y":0.01664876937866211,"z":1.2281299829483033},"rotation":{"x":0.11841268092393875,"y":-0.04435984045267105,"z":0.005294527392834425,"w":0.991963803768158},"size":1.1187777519226075,"orthographic":false}